{"cameraMode":{"drawMode":0,"name":"Shaded","section":"Shading Mode"},"sceneLighting":false,"audioPlay":false,"sceneViewState":{"showFog":true,"showMaterialUpdate":false,"showSkybox":false,"showFlares":true,"showImageEffects":true,"showParticleSystems":true},"in2DMode":false,"pivot":{"x":14.143678665161133,"y":-8.439029693603516,"z":-8.065608024597168},"rotation":{"x":-0.1001637727022171,"y":0.25573328137397768,"z":-0.026573559269309045,"w":-0.961237370967865},"size":0.8660253882408142,"orthographic":false}