{"cameraMode":{"drawMode":0,"name":"Shaded","section":"Shading Mode"},"sceneLighting":true,"audioPlay":false,"sceneViewState":{"showFog":true,"showMaterialUpdate":false,"showSkybox":true,"showFlares":true,"showImageEffects":true,"showParticleSystems":true},"in2DMode":false,"pivot":{"x":-1.751624584197998,"y":0.20573115348815919,"z":-0.520728588104248},"rotation":{"x":-0.0908423587679863,"y":0.8524482250213623,"z":-0.15803611278533936,"w":-0.49000459909439089},"size":5.15589714050293,"orthographic":false}